player,matches,runs,balls,fours,sixes,runs_per_match,strike_rate,boundary_runs,boundary_percentage,run_score,strike_rate_score,runs_per_match_score,boundary_score,experience_score,scouting_score,player_category,rank
V Kohli,275,9346,6911,847,317,33.99,135.23,5290,56.6,100.0,58.80076528393773,76.04026845637584,64.64877213021131,100.0,81.37,Experienced Performer,1
RG Sharma,275,7331,5496,661,324,26.66,133.39,4588,62.58,78.43997432056494,58.00069571267067,59.64205816554809,71.4791547687036,100.0,71.03,Experienced Performer,2
DA Warner,184,6567,4680,663,236,35.69,140.32,4068,61.95,70.26535416220842,61.01400121749717,79.84340044742729,70.75956596230726,66.9090909090909,69.58,Experienced Performer,3
S Dhawan,221,6769,5304,768,153,30.63,127.62,3990,58.95,72.42670661245452,55.49178189407776,68.5234899328859,67.33295259851513,80.36363636363636,67.7,Experienced Performer,4
KL Rahul,149,5828,4175,509,239,39.11,139.59,3470,59.54,62.35822811898139,60.69658231150535,87.49440715883668,68.00685322672759,54.18181818181819,66.72,Consistent Performer,5
CH Gayle,141,4997,3331,408,359,35.44,150.02,3786,75.77,53.466723732077895,65.23175928341595,79.28411633109619,86.54483152484295,51.27272727272727,64.66,Aggressive Batter,6
AB de Villiers,170,5181,3400,414,253,30.48,152.38,3174,61.26,55.435480419430775,66.25793547264979,68.18791946308724,69.97144488863508,61.81818181818181,62.78,Aggressive Batter,7
SK Raina,200,5536,4025,506,204,27.68,137.54,3248,58.67,59.2338968542692,59.80520045221324,61.92393736017897,67.01313535122787,72.72727272727273,62.04,Experienced Performer,8
JC Buttler,136,4647,3094,459,211,34.17,150.19,3102,66.75,49.72180612026536,65.30567875467432,76.44295302013423,76.24214734437464,49.45454545454545,61.59,Aggressive Batter,9
SV Samson,185,5181,3653,432,243,28.01,141.83,3186,61.49,55.435480419430775,61.67058005043917,62.662192393736014,70.23415191319246,67.27272727272727,61.1,Experienced Performer,10
MS Dhoni,241,5439,3935,375,264,22.57,138.22,3084,56.7,58.19601968756687,60.10087833724672,50.49217002237136,64.76299257567105,87.63636363636364,60.73,Experienced Performer,11
Shubman Gill,130,4598,3223,446,152,35.37,142.66,2696,58.63,49.1975176546116,62.03148099834769,79.12751677852347,66.96744717304398,47.27272727272727,59.98,Consistent Performer,12
V Suryavanshi,23,1028,447,81,96,44.7,229.98,900,87.55,10.99935801412369,100.0,100.0,100.0,8.363636363636363,59.69,Aggressive Batter,13
AM Rahane,197,5367,4269,540,141,27.24,125.72,3006,56.01,57.425636635994,54.66562309766066,60.93959731543623,63.974871501998855,71.63636363636363,59.51,Experienced Performer,14
SA Yadav,164,4581,3072,482,178,27.93,149.12,2996,65.4,49.01562165632356,64.84042090616576,62.48322147651007,74.7001713306682,59.63636363636363,59.3,Aggressive Batter,15
F du Plessis,147,4773,3506,440,174,32.47,136.14,2804,58.75,51.06997646051787,59.19645186537959,72.63982102908277,67.10451170759566,53.45454545454545,59.26,Developing Player,16
RV Uthappa,197,4954,3784,481,182,25.15,130.92,3016,60.88,53.00663385405521,56.92668927732846,56.26398210290827,69.53740719588806,71.63636363636363,58.15,Developing Player,17
KD Karthik,233,4843,3570,466,161,20.79,135.66,2830,58.43,51.81895998288037,58.987738064179496,46.51006711409396,66.7390062821245,84.72727272727273,57.33,Developing Player,18
SS Iyer,144,4233,3085,354,182,29.4,137.21,2508,59.25,45.29210357372138,59.661709713888165,65.7718120805369,67.67561393489436,52.36363636363637,55.93,Developing Player,19
RR Pant,136,3879,2634,351,181,28.52,147.27,2490,64.19,41.504386903488125,64.03600313070702,63.80313199105145,73.31810394060537,49.45454545454545,55.57,Aggressive Batter,20
SR Watson,141,3880,2801,377,190,27.52,138.52,2648,68.25,41.5150866680933,60.2313244629968,61.56599552572707,77.95545402627071,51.27272727272727,54.82,Developing Player,21
B Sai Sudharsan,57,2515,1674,258,83,44.12,150.24,1530,60.83,26.909907982024396,65.32741977563266,98.70246085011183,69.48029697315819,20.727272727272727,54.51,Aggressive Batter,22
Ishan Kishan,127,3600,2499,348,166,28.35,144.06,2388,66.33,38.51915257864327,62.64022958518133,63.42281879194631,75.76242147344374,46.18181818181818,54.02,Developing Player,23
AT Rayudu,185,4348,3391,359,173,23.5,128.22,2474,56.9,46.52257650331693,55.75267414557787,52.57270693512304,64.99143346659052,67.27272727272727,53.96,Developing Player,24
G Gambhir,151,4217,3394,492,59,27.93,124.25,2322,55.06,45.12090734003852,54.02643708148535,62.48322147651007,62.88977727013136,54.90909090909091,53.58,Developing Player,25
AD Russell,114,2655,1508,187,223,23.29,176.06,2086,78.57,28.40787502674941,76.5544829985216,52.102908277404914,89.74300399771559,41.45454545454545,52.62,Aggressive Batter,26
Q de Kock,118,3444,2546,334,143,29.19,135.27,2194,63.7,36.8499893002354,58.81815810070442,65.30201342281879,72.75842375785267,42.90909090909091,52.23,Developing Player,27
YBK Jaiswal,82,2593,1692,311,110,31.62,153.25,1904,73.43,27.744489621228336,66.63622923732498,70.73825503355704,83.8720731010851,29.818181818181817,51.89,Aggressive Batter,28
KA Pollard,168,3437,2315,221,224,20.46,148.47,2228,64.82,36.775090947999146,64.55778763370729,45.77181208053691,74.0376927470017,61.09090909090909,51.68,Aggressive Batter,29
MK Pandey,163,4021,3288,348,118,24.67,122.29,2100,52.23,43.0237534774235,53.17418905991826,55.19015659955257,59.657338663620784,59.27272727272728,51.28,Developing Player,30
Abhishek Sharma,89,2379,1383,224,144,26.73,172.02,1760,73.98,25.454739995720093,74.7978085050874,59.79865771812081,84.50028555111365,32.36363636363636,51.25,Aggressive Batter,31
H Klaasen,60,2104,1253,146,120,35.07,167.92,1304,61.98,22.512304729295955,73.01504478650317,78.45637583892618,70.79383209594518,21.818181818181817,51.09,Aggressive Batter,32
V Sehwag,104,2728,1740,334,106,26.23,156.78,1972,72.29,29.18895784292745,68.1711453169841,58.68008948545861,82.5699600228441,37.81818181818182,51.03,Aggressive Batter,33
RD Gaikwad,84,2839,2083,260,107,33.8,136.29,1682,59.25,30.37663171410229,59.26167492825463,75.61521252796419,67.67561393489436,30.545454545454547,50.39,Developing Player,34
N Pooran,100,2527,1538,169,186,25.27,164.3,1792,70.91,27.03830515728654,71.44099486911905,56.5324384787472,80.99371787549971,36.36363636363637,50.37,Aggressive Batter,35
N Rana,121,3078,2228,288,151,25.44,138.15,2058,66.86,32.93387545474,60.070440907905045,56.91275167785235,76.36778983438035,44.0,49.96,Developing Player,36
YK Pathan,153,3222,2233,263,161,21.06,144.29,2018,62.63,34.474641557885725,62.7402382815897,47.11409395973154,71.53626499143347,55.63636363636364,49.89,Developing Player,37
SE Marsh,69,2489,1866,269,78,36.07,133.39,1544,62.03,26.63171410228975,58.00069571267067,80.69351230425056,70.85094231867505,25.09090909090909,49.55,Consistent Performer,38
GJ Maxwell,134,2820,1810,238,161,21.04,155.8,1918,68.01,30.17333618660389,67.74502130620054,47.06935123042505,77.68132495716735,48.72727272727273,49.55,Aggressive Batter,38
DA Miller,143,3288,2349,235,152,22.99,139.97,1852,56.33,35.18082602182752,60.86181407078877,51.4317673378076,64.34037692747002,52.0,49.45,Developing Player,40
BB McCullum,109,2882,2176,293,130,26.44,132.44,1952,67.73,30.83672159212497,57.58761631446213,59.14988814317673,77.36150770988007,39.63636363636363,48.72,Developing Player,41
HH Pandya,150,2964,2015,228,157,19.76,147.1,1854,62.55,31.714102289749626,63.962083659448645,44.20581655480984,71.44488863506567,54.54545454545454,48.53,Aggressive Batter,42
RA Jadeja,205,3526,2685,264,122,17.2,131.32,1788,50.71,37.72736999786005,57.100617444995216,38.47874720357942,57.92118789263279,74.54545454545455,48.42,Developing Player,43
TM Head,52,1556,907,172,78,29.92,171.55,1156,74.29,16.648833725658037,74.59344290807897,66.9351230425056,84.85436893203885,18.90909090909091,48.24,Aggressive Batter,44
PD Salt,40,1258,715,138,67,31.45,175.94,954,75.83,13.460303873314787,76.50230454822159,70.35794183445189,86.61336379211879,14.545454545454543,48.02,Aggressive Batter,45
Priyansh Arya,31,909,469,87,63,29.32,193.82,726,79.87,9.726086026107424,84.27689364292547,65.59284116331095,91.2278697886922,11.272727272727272,47.84,Aggressive Batter,46
P Simran Singh,65,1865,1184,196,94,28.69,157.52,1348,72.28,19.95506098865825,68.49291242716758,64.18344519015659,82.55853797829812,23.63636363636364,47.56,Aggressive Batter,47
RM Patidar,52,1612,978,106,110,31.0,164.83,1084,67.25,17.248020543548044,71.67144969127752,69.35123042505592,76.81324957167334,18.90909090909091,47.4,Aggressive Batter,48
DR Smith,88,2385,1755,245,117,27.1,135.9,1682,70.52,25.518938583351165,59.09209496477955,60.62639821029082,80.54825813820673,32.0,47.08,Developing Player,49
MR Marsh,62,1855,1245,155,111,29.92,149.0,1286,69.33,19.848063342606466,64.78824245586573,66.9351230425056,79.18903483723587,22.545454545454547,46.7,Aggressive Batter,50
MA Agarwal,125,2764,2053,275,100,22.11,134.63,1700,61.51,29.574149368713886,58.539873032437605,49.46308724832214,70.25699600228441,45.45454545454545,46.45,Developing Player,51
JM Bairstow,52,1674,1142,173,74,32.19,146.58,1136,67.86,17.91140594906912,63.735977041481874,72.01342281879194,77.50999428897772,18.90909090909091,46.25,Aggressive Batter,52
A Mhatre,13,441,239,51,23,33.92,184.52,342,77.55,4.7185961908838,80.23306374467346,75.88366890380314,88.57795545402627,4.727272727272728,46.22,Aggressive Batter,53
Yuvraj Singh,126,2754,2115,218,149,21.86,130.21,1766,64.12,29.4671517226621,56.61796677971999,48.90380313199105,73.23814962878356,45.81818181818182,46.15,Developing Player,54
WP Saha,143,2934,2296,296,87,20.52,127.79,1706,58.15,31.393109351594266,55.56570136533612,45.90604026845637,66.41918903483723,52.0,45.9,Developing Player,55
AC Gilchrist,80,2069,1483,239,92,25.86,139.51,1508,72.89,22.1378129681147,60.66179667797199,57.85234899328858,83.25528269560252,29.09090909090909,45.72,Developing Player,56
RD Rickelton,26,836,495,78,55,32.15,168.89,642,76.79,8.945003209929382,73.43682059309505,71.92393736017895,87.70988006853227,9.454545454545457,45.59,Aggressive Batter,57
C Connolly,13,491,299,43,32,37.77,164.21,364,74.13,5.253584421142735,71.40186103139405,84.49664429530202,84.67161621930325,4.727272727272728,45.53,Aggressive Batter,58
SP Narine,122,1820,1099,191,120,14.92,165.61,1484,81.54,19.473571581425208,72.01060961822769,33.37807606263981,93.1353512278698,44.36363636363637,45.24,Aggressive Batter,59
PA Patel,136,2848,2350,365,49,20.94,121.19,1754,61.59,30.472929595548894,52.69588659883468,46.84563758389262,70.3483723586522,49.45454545454545,45.19,Developing Player,60
S Dube,87,2129,1460,132,137,24.47,145.82,1350,63.41,22.77979884442542,63.40551352291504,54.74272930648769,72.42718446601941,31.636363636363637,45.18,Aggressive Batter,61
JP Inglis,16,544,313,58,28,34.0,173.8,400,73.53,5.820671945217206,75.57178885120446,76.06263982102908,83.98629354654483,5.818181818181818,45.12,Aggressive Batter,62
MP Stoinis,108,2242,1511,181,117,20.76,148.38,1426,63.6,23.98887224481061,64.51865379598226,46.44295302013423,72.64420331239292,39.27272727272727,45.01,Aggressive Batter,63
D Padikkal,89,2270,1700,241,80,25.51,133.53,1444,63.61,24.288465653755612,58.06157057135404,57.069351230425056,72.65562535693888,32.36363636363636,44.93,Developing Player,64
Tilak Varma,65,1858,1278,143,91,28.58,145.38,1118,60.17,19.880162636422,63.214192538481605,63.93736017897091,68.72644203312393,23.63636363636364,44.79,Aggressive Batter,65
RA Tripathi,98,2291,1655,229,85,23.38,138.43,1426,62.24,24.51316071046437,60.19219062527177,52.304250559284114,71.0908052541405,35.63636363636364,44.76,Developing Player,66
M Vijay,105,2619,2147,247,91,24.94,121.98,1534,58.57,28.02268350096298,53.03939472997652,55.79418344519016,66.89891490576814,38.18181818181819,44.73,Developing Player,67
PP Shaw,79,1892,1279,238,61,23.95,147.93,1318,69.66,20.243954632998072,64.32298460735717,53.57941834451901,79.565962307253,28.72727272727273,44.71,Aggressive Batter,68
SR Tendulkar,78,2334,1941,296,29,29.92,120.25,1358,58.18,24.97325058848705,52.28715540481781,66.9351230425056,66.45345516847516,28.363636363636363,44.68,Developing Player,69
DP Conway,28,1080,770,117,34,38.57,140.26,672,62.22,11.55574577359298,60.98791199234716,86.28635346756151,71.06796116504854,10.181818181818182,44.67,Consistent Performer,70
SPD Smith,93,2495,1931,226,60,26.83,129.21,1264,50.66,26.69591268992082,56.183146360553096,60.02237136465324,57.86407766990291,33.81818181818182,44.56,Developing Player,71
MEK Hussey,58,1977,1610,198,52,34.09,122.8,1104,55.84,21.153434624438265,53.39594747369336,76.26398210290827,63.78069674471731,21.09090909090909,44.49,Developing Player,72
CA Lynn,42,1329,941,132,66,31.64,141.23,924,69.53,14.219987160282471,61.40968779893904,70.78299776286353,79.41747572815534,15.272727272727272,43.96,Developing Player,73
ML Hayden,32,1107,799,121,44,34.59,138.55,748,67.57,11.844639417932806,60.24436907557181,77.38255033557047,77.17875499714448,11.636363636363637,43.56,Developing Player,74
VR Iyer,62,1677,1180,157,78,27.05,142.12,1096,65.35,17.943505242884655,61.79667797199757,60.5145413870246,74.64306110793831,22.545454545454547,43.55,Developing Player,75
KS Williamson,76,2132,1692,187,64,28.05,126.0,1132,53.1,22.81189813824096,54.78737281502739,62.75167785234898,60.6510565391205,27.63636363636364,43.06,Developing Player,76
LMP Simmons,29,1079,848,109,44,37.21,127.24,700,64.87,11.545046008987804,55.32655013479433,83.24384787472036,74.09480296973159,10.545454545454543,42.99,Consistent Performer,77
R Parag,86,1879,1296,136,108,21.85,144.98,1192,63.44,20.10485769313075,63.040264370814846,48.88143176733781,72.46145059965734,31.272727272727277,42.95,Developing Player,78
AJ Finch,90,2092,1626,214,78,23.24,128.66,1324,63.29,22.38390755403381,55.9439951300113,51.99105145413869,72.29011993146773,32.72727272727273,42.72,Developing Player,79
TH David,59,1151,642,76,83,19.51,179.28,802,69.68,12.315429060560668,77.95460474823898,43.64653243847874,79.58880639634496,21.454545454545453,42.63,Aggressive Batter,80
R Dravid,82,2174,1878,269,28,26.51,115.76,1244,57.22,23.261288251658463,50.33481172275851,59.306487695749446,65.35693889206168,29.818181818181817,42.1,Developing Player,81
JH Kallis,95,2427,2213,255,44,25.55,109.67,1284,52.9,25.968328696768676,47.68675537003218,57.158836689038026,60.42261564820103,34.54545454545455,41.94,Developing Player,82
HM Amla,16,577,406,60,21,36.06,142.12,366,63.43,6.173764177188102,61.79667797199757,80.67114093959732,72.45002855511137,5.818181818181818,41.57,Consistent Performer,83
JP Duminy,75,2029,1631,126,79,27.05,124.4,978,48.2,21.709822383907557,54.09166014436039,60.5145413870246,55.05425471159337,27.27272727272727,41.46,Developing Player,84
AK Markram,66,1671,1228,131,68,25.32,136.07,932,55.77,17.879306655253586,59.16601443603792,56.64429530201341,63.700742432895495,24.0,41.15,Developing Player,85
Dhruv Jurel,51,1195,775,98,62,23.43,154.19,764,63.93,12.78621870318853,67.04496043134186,52.41610738255034,73.02113078241005,18.545454545454547,40.88,Aggressive Batter,86
AR Patel,134,2089,1556,146,100,15.59,134.25,1184,56.68,22.35180826021828,58.3746412731542,34.87695749440716,64.7401484865791,48.72727272727273,40.74,Developing Player,87
RK Singh,62,1398,948,115,67,22.55,147.47,862,61.66,14.958270918039805,64.1229672145404,50.44742729306487,70.42832667047402,22.545454545454547,40.65,Aggressive Batter,88
A Raghuvanshi,30,885,606,86,35,29.5,146.04,554,62.6,9.469291675583138,63.50117401513175,65.99552572706935,71.50199885779554,10.909090909090908,40.63,Aggressive Batter,89
SO Hetmyer,85,1566,1044,99,96,18.42,150.0,972,62.07,16.755831371709824,65.22306287503261,41.20805369127517,70.89663049685893,30.909090909090907,40.59,Aggressive Batter,90
LS Livingstone,49,1066,680,70,76,21.76,156.76,736,69.04,11.405949069120478,68.16244890860075,48.68008948545861,78.85779554540264,17.81818181818182,40.44,Aggressive Batter,91
KK Nair,78,1712,1301,188,49,21.95,131.59,1046,61.1,18.317997004065912,57.21801895817028,49.10514541387025,69.78869217589948,28.363636363636363,40.35,Developing Player,92
KH Pandya,123,1982,1476,173,76,16.11,134.28,1148,57.92,21.20693344746416,58.3876858857292,36.04026845637584,66.15648201027984,44.72727272727273,40.32,Developing Player,93
DPMD Jayawardene,78,1808,1462,200,40,23.18,123.67,1040,57.52,19.345174406163064,53.77424123836856,51.85682326621923,65.6996002284409,28.363636363636363,39.99,Developing Player,94
C Green,42,1029,677,84,49,24.5,151.99,630,61.22,11.010057778728868,66.08835550917472,54.80984340044742,69.92575671045117,15.272727272727272,39.86,Aggressive Batter,95
ST Jayasuriya,30,768,529,84,39,25.6,145.18,570,74.22,8.21741921677723,63.12722845464823,57.27069351230425,84.77441462021702,10.909090909090908,39.68,Aggressive Batter,96
KC Sangakkara,68,1687,1385,195,27,24.81,121.81,942,55.84,18.050502888936443,52.96547525871815,55.50335570469797,63.78069674471731,24.727272727272727,39.51,Developing Player,97
Ashutosh Sharma,26,564,328,39,40,21.69,171.95,396,70.21,6.034667237320779,74.76737107574571,48.5234899328859,80.19417475728154,9.454545454545457,39.47,Aggressive Batter,98
KR Mayers,13,379,258,38,22,29.15,146.9,284,74.93,4.055210785362722,63.87511957561528,65.21252796420582,85.58537978298116,4.727272727272728,39.46,Aggressive Batter,99
Shashank Singh,42,905,560,67,51,21.55,161.61,574,63.43,9.68328696768671,70.27132794156014,48.210290827740494,72.45002855511137,15.272727272727272,39.37,Aggressive Batter,100
JJ Roy,21,614,441,75,21,29.24,139.23,426,69.38,6.569655467579713,60.54004696060527,65.413870246085,79.24614505996573,7.636363636363637,39.21,Developing Player,101
Naman Dhir,33,710,432,68,36,21.52,164.35,488,68.73,7.596832869676867,71.4627358900774,48.14317673378076,78.50371216447745,12.0,39.2,Aggressive Batter,102
JM Sharma,59,1107,723,86,68,18.76,153.11,752,67.93,11.844639417932806,66.57535437864162,41.96868008948546,77.58994860079954,21.454545454545453,39.09,Aggressive Batter,103
KP Pietersen,36,1001,742,91,40,27.81,134.91,604,60.34,10.710464369783864,58.66162274980433,62.21476510067113,68.92061679040549,13.090909090909092,39.06,Developing Player,104
WG Jacks,26,602,377,50,38,23.15,159.68,428,71.1,6.441258292317569,69.43212453256805,51.7897091722595,81.21073672187322,9.454545454545457,39.04,Aggressive Batter,105
T Stubbs,43,986,647,69,47,22.93,152.4,558,56.59,10.549967900706186,66.26663188103313,51.29753914988814,64.63735008566533,15.636363636363637,38.55,Aggressive Batter,106
MM Ali,59,1167,831,95,67,19.78,140.43,782,67.01,12.486625294243527,61.06183146360553,44.25055928411633,76.53912050256997,21.454545454545453,38.29,Developing Player,107
D Brevis,24,606,415,38,43,25.25,146.02,410,67.66,6.484057350738285,63.49247760674842,56.48769574944071,77.28155339805825,8.727272727272728,38.04,Aggressive Batter,108
A Badoni,56,1178,834,96,47,21.04,141.25,666,56.54,12.604322704900492,61.418384207322376,47.06935123042505,64.58023986293546,20.363636363636363,37.67,Developing Player,109
E Lewis,26,654,477,62,36,25.15,137.11,464,70.95,6.9976460517868615,59.61822767197148,56.26398210290827,81.03940605368362,9.454545454545457,37.66,Developing Player,110
A Symonds,36,974,745,74,41,27.06,130.74,542,55.65,10.42157072544404,56.84842160187843,60.53691275167784,63.563677898343805,13.090909090909092,37.63,Developing Player,111
Abishek Porel,33,769,528,80,28,23.3,145.64,488,63.46,8.22811898138241,63.327245847464994,52.12527964205817,72.48429468874929,12.0,37.59,Aggressive Batter,112
Mandeep Singh,97,1706,1385,176,38,17.59,123.18,932,54.63,18.25379841643484,53.561179232976784,39.35123042505593,62.39862935465449,35.27272727272727,37.42,Developing Player,113
BJ Hodge,63,1400,1112,122,43,22.22,125.9,746,53.29,14.97967044725016,54.74389077311072,49.709172259507824,60.868075385494,22.90909090909091,37.25,Developing Player,114
MK Tiwary,83,1695,1444,156,40,20.42,117.38,864,50.97,18.13610100577787,51.03922080180885,45.68232662192394,58.2181610508281,30.181818181818183,37.08,Developing Player,115
Nithish Kumar Reddy,35,787,540,50,46,22.49,145.74,476,60.48,8.420714744275626,63.3707278893817,50.313199105145415,69.0805254140491,12.727272727272728,37.03,Aggressive Batter,116
RR Rossouw,22,473,306,45,25,21.5,154.58,330,69.77,5.060988658249518,67.21454039481695,48.09843400447427,79.6916047972587,8.0,36.96,Aggressive Batter,117
S Badrinath,65,1441,1208,154,28,22.17,119.29,784,54.41,15.418360796062483,51.86972780241761,49.597315436241615,62.147344374643055,23.63636363636364,36.86,Developing Player,118
R Tewatia,91,1302,938,110,62,14.31,138.81,812,62.37,13.93109351594265,60.35742238455518,32.013422818791945,71.23929183323816,33.09090909090909,36.8,Developing Player,119
DJ Bravo,110,1560,1196,120,66,14.18,130.43,876,56.15,16.69163278407875,56.71362727193669,31.722595078299776,64.1347801256425,40.0,36.78,Developing Player,120
M Vohra,51,1083,828,104,43,21.24,130.8,674,62.23,11.587845067408518,56.874510827028445,47.516778523489926,71.07938320959451,18.545454545454547,36.74,Developing Player,121
NV Ojha,94,1554,1308,121,79,16.53,118.81,958,61.65,16.627434196447677,51.661014001217495,36.97986577181208,70.41690462592804,34.18181818181818,36.59,Developing Player,122
N Wadhera,37,784,557,64,43,21.19,140.75,514,65.56,8.388615450460088,61.20097399773894,47.40492170022371,74.88292404340378,13.454545454545457,36.55,Developing Player,123
EJG Morgan,74,1406,1147,112,64,19.0,122.58,832,59.17,15.043869034881231,53.30028698147665,42.505592841163306,67.58423757852657,26.90909090909091,36.54,Developing Player,124
DJ Hussey,61,1322,1070,90,60,21.67,123.55,720,54.46,14.14508880804622,53.72206278806853,48.47874720357942,62.20445459737294,22.181818181818183,36.52,Developing Player,125
SC Ganguly,56,1349,1257,137,42,24.09,107.32,800,59.3,14.433982452386047,46.66492738499,53.89261744966443,67.73272415762422,20.363636363636363,36.31,Developing Player,126
SS Tiwary,73,1494,1235,111,50,20.47,120.97,744,49.8,15.98544832013696,52.60022610661797,45.79418344519015,56.88178183894917,26.545454545454543,36.25,Developing Player,127
Sameer Rizvi,18,424,293,30,26,23.56,144.71,276,65.09,4.536700192595763,62.92286285763981,52.7069351230425,74.34608794974301,6.545454545454546,35.95,Developing Player,128
TM Dilshan,50,1153,1001,140,24,23.06,115.18,704,61.06,12.336828589771024,50.08261587964172,51.58836689038032,69.74300399771559,18.181818181818183,35.95,Developing Player,128
Kartik Sharma,11,295,216,24,16,26.82,136.57,192,65.08,3.156430558527713,59.38342464562136,60.0,74.33466590519703,4.0,35.78,Developing Player,130
V Shankar,63,1233,947,88,48,19.57,130.2,640,51.91,13.19280975818532,56.6136185755283,43.780760626398205,59.29183323814963,22.90909090909091,35.75,Developing Player,131
SM Curran,53,997,725,85,41,18.81,137.52,586,58.78,10.66766531136315,59.7965040438299,42.08053691275167,67.13877784123359,19.272727272727277,35.74,Developing Player,132
BA Stokes,43,935,695,81,32,21.74,134.53,516,55.19,10.004279905842072,58.49639099052092,48.63534675615212,63.03826384922901,15.636363636363637,35.72,Developing Player,133
DJ Hooda,101,1497,1167,98,62,14.82,128.28,764,51.04,16.017547613952495,55.77876337072789,33.15436241610738,58.29811536264992,36.72727272727273,35.68,Developing Player,134
Abdul Samad,58,859,575,55,55,14.81,149.39,550,64.03,9.19109779584849,64.9578224193408,33.13199105145414,73.13535122786979,21.09090909090909,35.51,Aggressive Batter,135
R Ravindra,18,413,284,40,16,22.94,145.42,256,61.99,4.419002781938797,63.23158535524828,51.31991051454139,70.80525414049114,6.545454545454546,35.35,Aggressive Batter,136
CL White,45,971,757,76,38,21.58,128.27,532,54.79,10.389471431628504,55.77441516653623,48.27740492170022,62.58138206739007,16.363636363636363,35.13,Developing Player,137
M Shahrukh Khan,53,775,523,49,52,14.62,148.18,508,65.55,8.29231756901348,64.43168971214888,32.7069351230425,74.8715019988578,19.272727272727277,34.97,Aggressive Batter,138
JA Morkel,67,975,683,61,55,14.55,142.75,574,58.87,10.432270490049218,62.0706148360727,32.5503355704698,67.24157624214733,24.363636363636363,34.84,Developing Player,139
SE Rutherford,27,520,362,30,38,19.26,143.65,348,66.92,5.563877594692917,62.46195321332291,43.08724832214765,76.4363221016562,9.818181818181818,34.81,Developing Player,140
R Powell,30,555,389,38,38,18.5,142.67,380,68.47,5.938369355874171,62.03582920253935,41.38702460850112,78.20673900628212,10.909090909090908,34.78,Developing Player,141
JD Ryder,29,604,455,69,19,20.83,132.75,390,64.57,6.462657821527927,57.722410644403865,46.599552572706926,73.75214163335237,10.545454545454543,34.44,Developing Player,142
SN Khan,43,746,538,86,20,17.35,138.66,464,62.2,7.9820243954632994,60.29219932168015,38.81431767337808,71.0451170759566,15.636363636363637,34.3,Developing Player,143
HH Gibbs,36,886,805,83,31,24.61,110.06,518,58.47,9.479991440188316,47.85633533350727,55.055928411633104,66.78469446030839,13.090909090909092,34.28,Developing Player,144
Rahmanullah Gurbaz,18,363,268,34,22,20.17,135.45,268,73.83,3.884014551679863,58.89642577615445,45.12304250559284,84.32895488292405,6.545454545454546,34.2,Developing Player,145
JR Hopes,19,417,305,49,11,21.95,136.72,262,62.83,4.461801840359512,59.4486477084964,49.10514541387025,71.76470588235294,6.909090909090909,34.11,Developing Player,146
PJ Cummins,51,642,419,40,44,12.59,153.22,424,66.04,6.869248876524717,66.62318462474998,28.165548098434,75.43118218161052,18.545454545454547,34.09,Aggressive Batter,147
Rashid Khan,72,635,400,45,43,8.82,158.75,438,68.98,6.794350524288466,69.02774154274285,19.731543624161077,78.78926327812678,26.181818181818183,34.08,Aggressive Batter,148
PC Valthaty,23,505,414,61,20,21.96,121.98,364,72.08,5.403381125615237,53.03939472997652,49.127516778523486,82.33009708737865,8.363636363636363,34.05,Developing Player,149
GC Smith,29,739,664,94,9,25.48,111.3,430,58.19,7.907126043227048,48.3955126532742,57.00223713646532,66.46487721302114,10.545454545454543,33.97,Developing Player,150
KM Jadhav,81,1208,969,102,40,14.91,124.66,648,53.64,12.925315643055852,54.20471345334376,33.355704697986575,61.267846944603086,29.454545454545457,33.82,Developing Player,151
LRPL Taylor,54,1017,818,66,46,18.83,124.33,540,53.1,10.881660603466724,54.0612227150187,42.12527964205816,60.6510565391205,19.63636363636364,33.78,Developing Player,152
MC Henriques,54,1000,785,87,28,18.52,127.39,516,51.6,10.699764605178686,55.391773197669366,41.4317673378076,58.93774985722444,19.63636363636364,33.74,Developing Player,153
CH Morris,49,618,397,41,35,12.61,155.67,374,60.52,6.612454526000428,67.68849465170884,28.210290827740494,69.12621359223301,17.81818181818182,33.57,Aggressive Batter,154
SA Asnodkar,19,423,337,56,10,22.26,125.52,284,67.14,4.526000427990584,54.57865901382729,49.7986577181208,76.68760708166762,6.909090909090909,33.55,Developing Player,155
Harbhajan Singh,88,833,599,79,42,9.47,139.07,568,68.19,8.912903916113846,60.470475693538575,21.18568232662192,77.88692175899486,32.0,33.46,Developing Player,156
Washington Sundar,59,888,653,82,28,15.05,135.99,496,55.86,9.501390969398674,59.13122880250457,33.66890380313199,63.80354083380926,21.454545454545453,33.37,Developing Player,157
OA Shah,22,506,388,34,23,23.0,130.41,274,54.15,5.414080890220415,56.70493086355335,51.45413870246085,61.85037121644774,8.0,33.35,Developing Player,158
MS Bisla,39,798,700,93,23,20.46,114.0,510,63.91,8.53841215493259,49.56952778502479,45.77181208053691,72.99828669331811,14.181818181818182,33.25,Developing Player,159
Y Venugopal Rao,52,985,832,77,37,18.94,118.39,530,53.81,10.539268136101006,51.47838942516741,42.371364653243845,61.46202170188464,18.90909090909091,33.07,Developing Player,160
CJ Anderson,29,538,421,40,31,18.55,127.79,346,64.31,5.756473357586133,55.56570136533612,41.49888143176734,73.45516847515707,10.545454545454543,32.61,Developing Player,161
IK Pathan,82,1150,947,88,38,14.02,121.44,580,50.43,12.30472929595549,52.8045917036264,31.364653243847872,57.60137064534552,29.818181818181817,32.52,Developing Player,162
DJ Mitchell,15,351,267,28,10,23.4,131.46,172,49.0,3.7556173764177183,57.161492303678585,52.34899328859059,55.96801827527128,5.454545454545454,32.22,Developing Player,163
MK Lomror,35,527,372,33,30,15.06,141.67,312,59.2,5.638775946929168,61.60100878337247,33.69127516778524,67.61850371216448,12.727272727272728,32.15,Developing Player,164
STR Binny,66,880,682,66,35,13.33,129.03,474,53.86,9.415792852557244,56.10487868510305,29.821029082774047,61.51913192461451,24.0,31.84,Developing Player,165
SW Billings,27,503,385,40,20,18.63,130.65,280,55.67,5.381981596404879,56.8092877641534,41.67785234899328,63.58652198743575,9.818181818181818,31.76,Developing Player,166
RS Bopara,22,531,453,39,16,24.14,117.22,252,47.46,5.681575005349882,50.96964953474215,54.00447427293065,54.209023415191325,8.0,31.75,Developing Player,167
S Sohal,20,368,289,34,18,18.4,127.34,244,66.3,3.937513374705756,55.37003217671103,41.16331096196868,75.72815533980582,7.272727272727272,31.75,Developing Player,167
GJ Bailey,36,663,541,59,19,18.42,122.55,350,52.79,7.0939439332334695,53.28724236890165,41.20805369127517,60.29697315819532,13.090909090909092,31.39,Developing Player,169
AD Mathews,41,724,573,44,29,17.66,126.35,350,48.34,7.746629574149369,54.93955996173581,39.50782997762863,55.21416333523701,14.909090909090908,31.36,Developing Player,170
Shakib Al Hasan,52,795,635,73,21,15.29,125.2,418,52.58,8.506312861117056,54.43951647969389,34.20581655480984,60.05711022272987,18.90909090909091,31.32,Developing Player,171
Azhar Mahmood,21,388,303,39,13,18.48,128.05,234,60.31,4.15150866680933,55.67875467431951,41.34228187919463,68.88635065676758,7.636363636363637,31.29,Developing Player,172
TL Suman,39,676,573,55,26,17.33,117.98,376,55.62,7.233040873100792,51.30011305330898,38.76957494407159,63.52941176470588,14.181818181818182,30.88,Developing Player,173
RN ten Doeschate,21,326,235,26,15,15.52,138.72,194,59.51,3.488123261288252,60.31828854683015,34.72035794183445,67.97258709308966,7.636363636363637,30.81,Developing Player,174
NLTC Perera,30,424,306,23,26,14.13,138.56,248,58.49,4.536700192595763,60.24871727976346,31.610738255033556,66.80753854940035,10.909090909090908,30.74,Developing Player,175
LA Pomersbach,16,302,243,25,13,18.88,124.28,178,58.94,3.231328910763964,54.03948169406036,42.23713646532438,67.32153055396915,5.818181818181818,30.4,Developing Player,176
Ramandeep Singh,26,299,203,17,19,11.5,147.29,182,60.87,3.199229616948427,64.04469953909036,25.727069351230423,69.52598515134208,9.454545454545457,30.17,Aggressive Batter,177
MV Boucher,23,394,307,32,13,17.13,128.34,206,52.28,4.215707254440402,55.804852595877904,38.3221476510067,59.71444888635066,8.363636363636363,29.9,Developing Player,178
C de Grandhomme,21,303,224,18,18,14.43,135.27,180,59.41,3.2420286753691423,58.81815810070442,32.28187919463087,67.85836664762992,7.636363636363637,29.85,Developing Player,179
JP Faulkner,45,527,385,36,23,11.71,136.88,282,53.51,5.638775946929168,59.51821897556309,26.19686800894855,61.11936036550543,16.363636363636363,29.84,Developing Player,180
Gurkeerat Singh,32,511,422,55,11,15.97,121.09,286,55.97,5.467579713246309,52.652404556918,35.727069351230426,63.92918332381497,11.636363636363637,29.78,Developing Player,181
JC Archer,40,326,219,18,22,8.15,148.86,204,62.58,3.488123261288252,64.72736759718238,18.232662192393736,71.4791547687036,14.545454545454543,29.65,Aggressive Batter,182
Shahbaz Ahmed,40,603,487,33,28,15.08,123.82,300,49.75,6.451958056922748,53.83946430124359,33.73601789709172,56.824671616219305,14.545454545454543,29.6,Developing Player,183
R Ashwin,93,833,703,64,29,8.96,118.49,430,51.62,8.912903916113846,51.52187146708409,20.04474272930649,58.96059394631639,33.81818181818182,29.29,Developing Player,184
AP Tare,27,339,272,40,11,12.56,124.63,226,66.67,3.627220201155575,54.19166884076876,28.09843400447427,76.15077098800685,9.818181818181818,29.03,Developing Player,185
AM Nayar,50,672,573,55,20,13.44,117.28,340,50.6,7.1902418146800775,50.99573875989216,30.06711409395973,57.79554540262707,18.181818181818183,28.88,Developing Player,186
A Manohar,20,292,235,23,14,14.6,124.26,176,60.27,3.1243312647121764,54.03078528567702,32.662192393736014,68.84066247858367,7.272727272727272,28.74,Developing Player,187
Anuj Rawat,21,318,267,26,14,15.14,119.1,188,59.12,3.402525144446822,51.7871119227759,33.87024608501118,67.5271273557967,7.636363636363637,28.43,Developing Player,188
AL Menaria,23,401,354,24,18,17.43,113.28,204,50.87,4.290605606676653,49.25645708322463,38.99328859060402,58.103940605368365,8.363636363636363,28.26,Developing Player,189
DJG Sammy,20,295,241,15,18,14.75,122.41,168,56.95,3.156430558527713,53.22636751021828,32.997762863534675,65.0485436893204,7.272727272727272,28.24,Developing Player,190
JEC Franklin,16,327,300,25,9,20.44,109.0,154,47.09,3.4988230258934307,47.39542568919037,45.727069351230426,53.78640776699029,5.818181818181818,28.18,Developing Player,191
DB Das,22,304,260,23,16,13.82,116.92,188,61.84,3.252728439974321,50.83920340899208,30.917225950783,70.63392347230155,8.0,27.9,Developing Player,192
DB Ravi Teja,25,375,315,35,9,15.0,119.05,194,51.73,4.012411726942007,51.76537090181756,33.55704697986577,59.0862364363221,9.090909090909092,27.87,Developing Player,193
SN Thakur,43,349,262,32,13,8.12,133.21,206,59.03,3.734217847207361,57.92242803722063,18.165548098434,67.42432895488292,15.636363636363637,27.73,Developing Player,194
CA Pujara,22,390,390,50,4,17.73,100.0,224,57.44,4.172908196019687,43.48204191668841,39.66442953020134,65.6082238720731,8.0,27.62,Developing Player,195
P Negi,35,365,288,27,16,10.43,126.74,204,55.89,3.90541408089022,55.10913992521089,23.33333333333333,63.83780696744717,12.727272727272728,27.47,Developing Player,196
LR Shukla,33,405,350,33,16,12.27,115.71,228,56.3,4.333404665097368,50.31307070180016,27.449664429530195,64.30611079383209,12.0,27.22,Developing Player,197
MD Mishra,17,237,206,24,8,13.94,115.05,144,60.76,2.5358442114273485,50.02608922515002,31.18568232662192,69.40034266133638,6.181818181818182,27.19,Developing Player,198
PP Chawla,86,624,561,56,20,7.26,111.23,344,55.13,6.676653113631501,48.36507522393252,16.241610738255034,62.96973158195317,31.272727272727277,27.1,Developing Player,199
JO Holder,34,324,261,16,21,9.53,124.14,190,58.64,3.4667237320778943,53.97860683537699,21.319910514541384,66.97886921758996,12.363636363636363,26.91,Developing Player,200
J Botha,28,409,358,39,5,14.61,114.25,186,45.48,4.376203723518082,49.678232889816506,32.68456375838926,51.94745859508851,10.181818181818182,26.7,Developing Player,201
M Manhas,38,514,470,43,10,13.53,109.36,232,45.14,5.499679007061845,47.55196104009045,30.26845637583892,51.55910908052541,13.818181818181818,26.4,Developing Player,202
UBT Chand,20,300,299,32,9,15.0,100.33,182,60.67,3.2099293815536054,43.62553265501348,33.55704697986577,69.29754426042261,7.272727272727272,26.4,Developing Player,202
B Chipli,21,280,250,28,7,13.33,112.0,154,55.0,2.9959340894500324,48.69988694669102,29.821029082774047,62.82124500285551,7.636363636363637,26.23,Developing Player,204
VVS Laxman,20,282,266,33,5,14.1,106.02,162,57.45,3.0173336186603894,46.09966084007305,31.543624161073826,65.61964591661908,7.272727272727272,26.18,Developing Player,205
DT Christian,41,460,394,23,19,11.22,116.75,206,44.78,4.921891718382196,50.76528393773372,25.1006711409396,51.14791547687037,14.909090909090908,26.04,Developing Player,206
Lalit Yadav,21,305,285,27,7,14.52,107.02,150,49.18,3.2634282045795,46.53448125923993,32.48322147651007,56.1736150770988,7.636363636363637,25.65,Developing Player,207
Harpreet Brar,27,249,206,20,10,9.22,120.87,140,56.22,2.664241386689493,52.55674406470128,20.626398210290827,64.2147344374643,9.818181818181818,25.6,Developing Player,208
KV Sharma,40,352,295,20,17,8.8,119.32,182,51.7,3.7663171410228977,51.88277241499261,19.686800894854585,59.05197030268419,14.545454545454543,25.59,Developing Player,209
PK Garg,19,273,238,16,9,14.37,114.71,118,43.22,2.9210357372137814,49.87825028263328,32.147651006711406,49.36607652769846,6.909090909090909,25.55,Developing Player,210
Y Nagar,20,285,259,20,9,14.25,110.04,134,47.02,3.0494329124759254,47.84763892512393,31.879194630872483,53.70645345516848,7.272727272727272,25.5,Developing Player,211
R Bhatia,47,342,284,24,13,7.28,120.42,174,50.88,3.6593194949711103,52.36107487607619,16.286353467561522,58.11536264991434,17.09090909090909,25.15,Developing Player,212
R Sathish,24,270,230,22,6,11.25,117.39,124,45.93,2.888936443398245,51.04356900600053,25.167785234899327,52.46145059965735,8.727272727272728,24.92,Developing Player,213
HV Patel,44,280,238,18,15,6.36,117.65,162,57.86,2.9959340894500324,51.15662231498391,14.228187919463087,66.087949743004,16.0,24.89,Developing Player,214
AA Jhunjhunwala,15,217,209,19,5,14.47,103.83,106,48.85,2.3218489193237746,45.147404122097576,32.371364653243845,55.79668760708167,5.454545454545454,24.7,Developing Player,215
SP Goswami,21,293,293,32,3,13.95,100.0,146,49.83,3.135031029317355,43.48204191668841,31.20805369127516,56.91604797258709,7.636363636363637,24.66,Developing Player,216
P Kumar,57,340,312,22,17,5.96,108.97,190,55.88,3.637919965760753,47.38238107661536,13.333333333333334,63.826384922901205,20.727272727272727,24.24,Developing Player,217
K Rabada,34,262,238,21,11,7.71,110.08,150,57.25,2.8033383265568155,47.86503174189061,17.248322147651006,65.3912050256996,12.363636363636363,24.17,Developing Player,218
K Goel,16,218,231,17,9,13.62,94.37,122,55.96,2.332548683928953,41.034002956778856,30.469798657718115,63.917761279268994,5.818181818181818,24.14,Developing Player,219
M Kaif,22,259,249,22,6,11.77,104.02,124,47.88,2.77123903274128,45.23002000173928,26.33109619686801,54.68874928612222,8.0,23.81,Developing Player,220
R Vinay Kumar,42,310,274,21,9,7.38,113.14,138,44.52,3.3169270276053924,49.19558222454127,16.51006711409396,50.85094231867505,15.272727272727272,23.37,Developing Player,221
UT Yadav,48,208,201,16,9,4.33,103.48,118,56.73,2.2255510378771666,44.99521697538917,9.686800894854583,64.79725870930896,17.454545454545457,22.19,Developing Player,222
B Kumar,75,354,376,34,4,4.72,94.15,160,45.2,3.787716670233255,40.93834246456214,10.559284116331096,51.62764134780126,27.27272727272727,21.56,Developing Player,223
A Mishra,55,381,417,31,5,6.93,91.37,154,40.42,4.076610314573079,39.7295416992782,15.503355704697984,46.16790405482581,20.0,21.08,Developing Player,224
GH Vihari,23,284,319,23,1,12.35,89.03,98,34.51,3.038733147870747,38.71206191842769,27.62863534675615,39.41747572815534,8.363636363636363,21.05,Developing Player,225
SK Warne,27,198,213,14,6,7.33,92.96,92,46.46,2.11855339182538,40.42090616575354,16.398210290827738,53.06681896059396,9.818181818181818,20.41,Developing Player,226
Kuldeep Yadav,41,210,253,18,3,5.12,83.0,90,42.86,2.246950567087524,36.09009479085138,11.454138702460847,48.9548829240434,14.909090909090908,18.49,Developing Player,227
