player,matches,runs,balls,fours,sixes,runs_per_match,strike_rate,boundary_runs,boundary_percentage
V Kohli,275,9346,6911,847,317,33.99,135.23,5290,56.6
RG Sharma,275,7331,5496,661,324,26.66,133.39,4588,62.58
S Dhawan,221,6769,5304,768,153,30.63,127.62,3990,58.95
DA Warner,184,6567,4680,663,236,35.69,140.32,4068,61.95
KL Rahul,149,5828,4175,509,239,39.11,139.59,3470,59.54
SK Raina,200,5536,4025,506,204,27.68,137.54,3248,58.67
MS Dhoni,241,5439,3935,375,264,22.57,138.22,3084,56.7
AM Rahane,197,5367,4269,540,141,27.24,125.72,3006,56.01
AB de Villiers,170,5181,3400,414,253,30.48,152.38,3174,61.26
SV Samson,185,5181,3653,432,243,28.01,141.83,3186,61.49
CH Gayle,141,4997,3331,408,359,35.44,150.02,3786,75.77
RV Uthappa,197,4954,3784,481,182,25.15,130.92,3016,60.88
KD Karthik,233,4843,3570,466,161,20.79,135.66,2830,58.43
F du Plessis,147,4773,3506,440,174,32.47,136.14,2804,58.75
JC Buttler,136,4647,3094,459,211,34.17,150.19,3102,66.75
Shubman Gill,130,4598,3223,446,152,35.37,142.66,2696,58.63
SA Yadav,164,4581,3072,482,178,27.93,149.12,2996,65.4
AT Rayudu,185,4348,3391,359,173,23.5,128.22,2474,56.9
SS Iyer,144,4233,3085,354,182,29.4,137.21,2508,59.25
G Gambhir,151,4217,3394,492,59,27.93,124.25,2322,55.06
MK Pandey,163,4021,3288,348,118,24.67,122.29,2100,52.23
SR Watson,141,3880,2801,377,190,27.52,138.52,2648,68.25
RR Pant,136,3879,2634,351,181,28.52,147.27,2490,64.19
Ishan Kishan,127,3600,2499,348,166,28.35,144.06,2388,66.33
RA Jadeja,205,3526,2685,264,122,17.2,131.32,1788,50.71
Q de Kock,118,3444,2546,334,143,29.19,135.27,2194,63.7
KA Pollard,168,3437,2315,221,224,20.46,148.47,2228,64.82
DA Miller,143,3288,2349,235,152,22.99,139.97,1852,56.33
YK Pathan,153,3222,2233,263,161,21.06,144.29,2018,62.63
N Rana,121,3078,2228,288,151,25.44,138.15,2058,66.86
HH Pandya,150,2964,2015,228,157,19.76,147.1,1854,62.55
WP Saha,143,2934,2296,296,87,20.52,127.79,1706,58.15
BB McCullum,109,2882,2176,293,130,26.44,132.44,1952,67.73
PA Patel,136,2848,2350,365,49,20.94,121.19,1754,61.59
RD Gaikwad,84,2839,2083,260,107,33.8,136.29,1682,59.25
GJ Maxwell,134,2820,1810,238,161,21.04,155.8,1918,68.01
MA Agarwal,125,2764,2053,275,100,22.11,134.63,1700,61.51
Yuvraj Singh,126,2754,2115,218,149,21.86,130.21,1766,64.12
V Sehwag,104,2728,1740,334,106,26.23,156.78,1972,72.29
AD Russell,114,2655,1508,187,223,23.29,176.06,2086,78.57
M Vijay,105,2619,2147,247,91,24.94,121.98,1534,58.57
YBK Jaiswal,82,2593,1692,311,110,31.62,153.25,1904,73.43
N Pooran,100,2527,1538,169,186,25.27,164.3,1792,70.91
B Sai Sudharsan,57,2515,1674,258,83,44.12,150.24,1530,60.83
SPD Smith,93,2495,1931,226,60,26.83,129.21,1264,50.66
SE Marsh,69,2489,1866,269,78,36.07,133.39,1544,62.03
JH Kallis,95,2427,2213,255,44,25.55,109.67,1284,52.9
DR Smith,88,2385,1755,245,117,27.1,135.9,1682,70.52
Abhishek Sharma,89,2379,1383,224,144,26.73,172.02,1760,73.98
SR Tendulkar,78,2334,1941,296,29,29.92,120.25,1358,58.18
RA Tripathi,98,2291,1655,229,85,23.38,138.43,1426,62.24
D Padikkal,89,2270,1700,241,80,25.51,133.53,1444,63.61
MP Stoinis,108,2242,1511,181,117,20.76,148.38,1426,63.6
R Dravid,82,2174,1878,269,28,26.51,115.76,1244,57.22
KS Williamson,76,2132,1692,187,64,28.05,126.0,1132,53.1
S Dube,87,2129,1460,132,137,24.47,145.82,1350,63.41
H Klaasen,60,2104,1253,146,120,35.07,167.92,1304,61.98
AJ Finch,90,2092,1626,214,78,23.24,128.66,1324,63.29
AR Patel,134,2089,1556,146,100,15.59,134.25,1184,56.68
AC Gilchrist,80,2069,1483,239,92,25.86,139.51,1508,72.89
JP Duminy,75,2029,1631,126,79,27.05,124.4,978,48.2
KH Pandya,123,1982,1476,173,76,16.11,134.28,1148,57.92
MEK Hussey,58,1977,1610,198,52,34.09,122.8,1104,55.84
PP Shaw,79,1892,1279,238,61,23.95,147.93,1318,69.66
R Parag,86,1879,1296,136,108,21.85,144.98,1192,63.44
P Simran Singh,65,1865,1184,196,94,28.69,157.52,1348,72.28
Tilak Varma,65,1858,1278,143,91,28.58,145.38,1118,60.17
MR Marsh,62,1855,1245,155,111,29.92,149.0,1286,69.33
SP Narine,122,1820,1099,191,120,14.92,165.61,1484,81.54
DPMD Jayawardene,78,1808,1462,200,40,23.18,123.67,1040,57.52
KK Nair,78,1712,1301,188,49,21.95,131.59,1046,61.1
Mandeep Singh,97,1706,1385,176,38,17.59,123.18,932,54.63
MK Tiwary,83,1695,1444,156,40,20.42,117.38,864,50.97
KC Sangakkara,68,1687,1385,195,27,24.81,121.81,942,55.84
VR Iyer,62,1677,1180,157,78,27.05,142.12,1096,65.35
JM Bairstow,52,1674,1142,173,74,32.19,146.58,1136,67.86
AK Markram,66,1671,1228,131,68,25.32,136.07,932,55.77
RM Patidar,52,1612,978,106,110,31.0,164.83,1084,67.25
SO Hetmyer,85,1566,1044,99,96,18.42,150.0,972,62.07
DJ Bravo,110,1560,1196,120,66,14.18,130.43,876,56.15
TM Head,52,1556,907,172,78,29.92,171.55,1156,74.29
NV Ojha,94,1554,1308,121,79,16.53,118.81,958,61.65
DJ Hooda,101,1497,1167,98,62,14.82,128.28,764,51.04
SS Tiwary,73,1494,1235,111,50,20.47,120.97,744,49.8
S Badrinath,65,1441,1208,154,28,22.17,119.29,784,54.41
EJG Morgan,74,1406,1147,112,64,19.0,122.58,832,59.17
BJ Hodge,63,1400,1112,122,43,22.22,125.9,746,53.29
RK Singh,62,1398,948,115,67,22.55,147.47,862,61.66
SC Ganguly,56,1349,1257,137,42,24.09,107.32,800,59.3
CA Lynn,42,1329,941,132,66,31.64,141.23,924,69.53
DJ Hussey,61,1322,1070,90,60,21.67,123.55,720,54.46
R Tewatia,91,1302,938,110,62,14.31,138.81,812,62.37
PD Salt,40,1258,715,138,67,31.45,175.94,954,75.83
V Shankar,63,1233,947,88,48,19.57,130.2,640,51.91
KM Jadhav,81,1208,969,102,40,14.91,124.66,648,53.64
Dhruv Jurel,51,1195,775,98,62,23.43,154.19,764,63.93
A Badoni,56,1178,834,96,47,21.04,141.25,666,56.54
MM Ali,59,1167,831,95,67,19.78,140.43,782,67.01
TM Dilshan,50,1153,1001,140,24,23.06,115.18,704,61.06
TH David,59,1151,642,76,83,19.51,179.28,802,69.68
IK Pathan,82,1150,947,88,38,14.02,121.44,580,50.43
ML Hayden,32,1107,799,121,44,34.59,138.55,748,67.57
JM Sharma,59,1107,723,86,68,18.76,153.11,752,67.93
M Vohra,51,1083,828,104,43,21.24,130.8,674,62.23
DP Conway,28,1080,770,117,34,38.57,140.26,672,62.22
LMP Simmons,29,1079,848,109,44,37.21,127.24,700,64.87
LS Livingstone,49,1066,680,70,76,21.76,156.76,736,69.04
C Green,42,1029,677,84,49,24.5,151.99,630,61.22
V Suryavanshi,23,1028,447,81,96,44.7,229.98,900,87.55
LRPL Taylor,54,1017,818,66,46,18.83,124.33,540,53.1
KP Pietersen,36,1001,742,91,40,27.81,134.91,604,60.34
MC Henriques,54,1000,785,87,28,18.52,127.39,516,51.6
SM Curran,53,997,725,85,41,18.81,137.52,586,58.78
T Stubbs,43,986,647,69,47,22.93,152.4,558,56.59
Y Venugopal Rao,52,985,832,77,37,18.94,118.39,530,53.81
JA Morkel,67,975,683,61,55,14.55,142.75,574,58.87
A Symonds,36,974,745,74,41,27.06,130.74,542,55.65
CL White,45,971,757,76,38,21.58,128.27,532,54.79
BA Stokes,43,935,695,81,32,21.74,134.53,516,55.19
Priyansh Arya,31,909,469,87,63,29.32,193.82,726,79.87
Shashank Singh,42,905,560,67,51,21.55,161.61,574,63.43
Washington Sundar,59,888,653,82,28,15.05,135.99,496,55.86
HH Gibbs,36,886,805,83,31,24.61,110.06,518,58.47
A Raghuvanshi,30,885,606,86,35,29.5,146.04,554,62.6
STR Binny,66,880,682,66,35,13.33,129.03,474,53.86
Abdul Samad,58,859,575,55,55,14.81,149.39,550,64.03
RD Rickelton,26,836,495,78,55,32.15,168.89,642,76.79
Harbhajan Singh,88,833,599,79,42,9.47,139.07,568,68.19
R Ashwin,93,833,703,64,29,8.96,118.49,430,51.62
MS Bisla,39,798,700,93,23,20.46,114.0,510,63.91
Shakib Al Hasan,52,795,635,73,21,15.29,125.2,418,52.58
Nithish Kumar Reddy,35,787,540,50,46,22.49,145.74,476,60.48
N Wadhera,37,784,557,64,43,21.19,140.75,514,65.56
M Shahrukh Khan,53,775,523,49,52,14.62,148.18,508,65.55
Abishek Porel,33,769,528,80,28,23.3,145.64,488,63.46
ST Jayasuriya,30,768,529,84,39,25.6,145.18,570,74.22
SN Khan,43,746,538,86,20,17.35,138.66,464,62.2
GC Smith,29,739,664,94,9,25.48,111.3,430,58.19
AD Mathews,41,724,573,44,29,17.66,126.35,350,48.34
Naman Dhir,33,710,432,68,36,21.52,164.35,488,68.73
TL Suman,39,676,573,55,26,17.33,117.98,376,55.62
AM Nayar,50,672,573,55,20,13.44,117.28,340,50.6
GJ Bailey,36,663,541,59,19,18.42,122.55,350,52.79
E Lewis,26,654,477,62,36,25.15,137.11,464,70.95
PJ Cummins,51,642,419,40,44,12.59,153.22,424,66.04
Rashid Khan,72,635,400,45,43,8.82,158.75,438,68.98
PP Chawla,86,624,561,56,20,7.26,111.23,344,55.13
CH Morris,49,618,397,41,35,12.61,155.67,374,60.52
JJ Roy,21,614,441,75,21,29.24,139.23,426,69.38
D Brevis,24,606,415,38,43,25.25,146.02,410,67.66
JD Ryder,29,604,455,69,19,20.83,132.75,390,64.57
Shahbaz Ahmed,40,603,487,33,28,15.08,123.82,300,49.75
WG Jacks,26,602,377,50,38,23.15,159.68,428,71.1
HM Amla,16,577,406,60,21,36.06,142.12,366,63.43
Ashutosh Sharma,26,564,328,39,40,21.69,171.95,396,70.21
R Powell,30,555,389,38,38,18.5,142.67,380,68.47
JP Inglis,16,544,313,58,28,34.0,173.8,400,73.53
CJ Anderson,29,538,421,40,31,18.55,127.79,346,64.31
RS Bopara,22,531,453,39,16,24.14,117.22,252,47.46
MK Lomror,35,527,372,33,30,15.06,141.67,312,59.2
JP Faulkner,45,527,385,36,23,11.71,136.88,282,53.51
SE Rutherford,27,520,362,30,38,19.26,143.65,348,66.92
M Manhas,38,514,470,43,10,13.53,109.36,232,45.14
Gurkeerat Singh,32,511,422,55,11,15.97,121.09,286,55.97
OA Shah,22,506,388,34,23,23.0,130.41,274,54.15
PC Valthaty,23,505,414,61,20,21.96,121.98,364,72.08
SW Billings,27,503,385,40,20,18.63,130.65,280,55.67
C Connolly,13,491,299,43,32,37.77,164.21,364,74.13
RR Rossouw,22,473,306,45,25,21.5,154.58,330,69.77
DT Christian,41,460,394,23,19,11.22,116.75,206,44.78
A Mhatre,13,441,239,51,23,33.92,184.52,342,77.55
Sameer Rizvi,18,424,293,30,26,23.56,144.71,276,65.09
NLTC Perera,30,424,306,23,26,14.13,138.56,248,58.49
SA Asnodkar,19,423,337,56,10,22.26,125.52,284,67.14
JR Hopes,19,417,305,49,11,21.95,136.72,262,62.83
R Ravindra,18,413,284,40,16,22.94,145.42,256,61.99
J Botha,28,409,358,39,5,14.61,114.25,186,45.48
LR Shukla,33,405,350,33,16,12.27,115.71,228,56.3
AL Menaria,23,401,354,24,18,17.43,113.28,204,50.87
MV Boucher,23,394,307,32,13,17.13,128.34,206,52.28
CA Pujara,22,390,390,50,4,17.73,100.0,224,57.44
Azhar Mahmood,21,388,303,39,13,18.48,128.05,234,60.31
A Mishra,55,381,417,31,5,6.93,91.37,154,40.42
KR Mayers,13,379,258,38,22,29.15,146.9,284,74.93
DB Ravi Teja,25,375,315,35,9,15.0,119.05,194,51.73
S Sohal,20,368,289,34,18,18.4,127.34,244,66.3
P Negi,35,365,288,27,16,10.43,126.74,204,55.89
Rahmanullah Gurbaz,18,363,268,34,22,20.17,135.45,268,73.83
B Kumar,75,354,376,34,4,4.72,94.15,160,45.2
KV Sharma,40,352,295,20,17,8.8,119.32,182,51.7
DJ Mitchell,15,351,267,28,10,23.4,131.46,172,49.0
SN Thakur,43,349,262,32,13,8.12,133.21,206,59.03
R Bhatia,47,342,284,24,13,7.28,120.42,174,50.88
P Kumar,57,340,312,22,17,5.96,108.97,190,55.88
AP Tare,27,339,272,40,11,12.56,124.63,226,66.67
JEC Franklin,16,327,300,25,9,20.44,109.0,154,47.09
JC Archer,40,326,219,18,22,8.15,148.86,204,62.58
RN ten Doeschate,21,326,235,26,15,15.52,138.72,194,59.51
JO Holder,34,324,261,16,21,9.53,124.14,190,58.64
Anuj Rawat,21,318,267,26,14,15.14,119.1,188,59.12
R Vinay Kumar,42,310,274,21,9,7.38,113.14,138,44.52
Lalit Yadav,21,305,285,27,7,14.52,107.02,150,49.18
DB Das,22,304,260,23,16,13.82,116.92,188,61.84
C de Grandhomme,21,303,224,18,18,14.43,135.27,180,59.41
LA Pomersbach,16,302,243,25,13,18.88,124.28,178,58.94
UBT Chand,20,300,299,32,9,15.0,100.33,182,60.67
Ramandeep Singh,26,299,203,17,19,11.5,147.29,182,60.87
DJG Sammy,20,295,241,15,18,14.75,122.41,168,56.95
Kartik Sharma,11,295,216,24,16,26.82,136.57,192,65.08
SP Goswami,21,293,293,32,3,13.95,100.0,146,49.83
A Manohar,20,292,235,23,14,14.6,124.26,176,60.27
Y Nagar,20,285,259,20,9,14.25,110.04,134,47.02
GH Vihari,23,284,319,23,1,12.35,89.03,98,34.51
VVS Laxman,20,282,266,33,5,14.1,106.02,162,57.45
HV Patel,44,280,238,18,15,6.36,117.65,162,57.86
B Chipli,21,280,250,28,7,13.33,112.0,154,55.0
PK Garg,19,273,238,16,9,14.37,114.71,118,43.22
R Sathish,24,270,230,22,6,11.25,117.39,124,45.93
K Rabada,34,262,238,21,11,7.71,110.08,150,57.25
M Kaif,22,259,249,22,6,11.77,104.02,124,47.88
Harpreet Brar,27,249,206,20,10,9.22,120.87,140,56.22
MD Mishra,17,237,206,24,8,13.94,115.05,144,60.76
K Goel,16,218,231,17,9,13.62,94.37,122,55.96
AA Jhunjhunwala,15,217,209,19,5,14.47,103.83,106,48.85
Kuldeep Yadav,41,210,253,18,3,5.12,83.0,90,42.86
UT Yadav,48,208,201,16,9,4.33,103.48,118,56.73
SK Warne,27,198,213,14,6,7.33,92.96,92,46.46
